feature,importancia_media_abs_shap
bright_ti5,0.07498599999999986
track,0.0682596114982578
frp_por_brilho,0.06508614108187114
frp,0.06504949999999972
risco_fogo,0.058031593632958726
bright_ti4,0.05498299999999979
scan,0.054963999999999895
confidence_num,0.03999250000000003
diferenca_brilho,0.012873333530775988
ano,0.0024859868913857668
daynight_num,0.002460594338190652
dia_do_ano,0.0021509581881533147
latitude,0.0
longitude,0.0
mes,0.0
dia,0.0
periodo_seco,0.0
